{"cameraMode":{"drawMode":0,"name":"Shaded","section":"Shading Mode"},"sceneLighting":false,"audioPlay":false,"sceneViewState":{"m_AlwaysRefresh":false,"showFog":true,"showSkybox":false,"showFlares":true,"showImageEffects":true,"showParticleSystems":true,"showVisualEffectGraphs":true,"m_FxEnabled":true},"in2DMode":false,"pivot":{"x":-26.599533081054689,"y":-45.85609436035156,"z":369.7160339355469},"rotation":{"x":0.06173083931207657,"y":-0.03592834249138832,"z":0.0022223780397325756,"w":0.9974468350410461},"size":188.5555877685547,"orthographic":false}