{"cameraMode":{"drawMode":0,"name":"Shaded","section":"Shading Mode"},"sceneLighting":false,"audioPlay":false,"sceneViewState":{"m_AlwaysRefresh":false,"showFog":true,"showSkybox":true,"showFlares":true,"showImageEffects":true,"showParticleSystems":true,"showVisualEffectGraphs":true,"m_FxEnabled":false},"in2DMode":false,"pivot":{"x":-3.7099199295043947,"y":2.4256956577301027,"z":-2.066587448120117},"rotation":{"x":-0.07496365904808045,"y":-0.005637955851852894,"z":-0.002519133035093546,"w":-0.9974543452262878},"size":1.0071783065795899,"orthographic":false}